{
  "__type__": "cc.SpriteFrame",
  "content": {
    "name": "diamond",
    "atlas": "",
    "rect": {
      "x": 15,
      "y": 18,
      "width": 35,
      "height": 28
    },
    "offset": {
      "x": 0.5,
      "y": 0
    },
    "originalSize": {
      "width": 64,
      "height": 64
    },
    "rotated": false,
    "capInsets": [
      0,
      0,
      0,
      0
    ],
    "vertices": {
      "rawPosition": [
        -17.5,
        -14,
        0,
        17.5,
        -14,
        0,
        -17.5,
        14,
        0,
        17.5,
        14,
        0
      ],
      "indexes": [
        0,
        1,
        2,
        2,
        1,
        3
      ],
      "uv": [
        15,
        46,
        50,
        46,
        15,
        18,
        50,
        18
      ],
      "nuv": [
        0.234375,
        0.28125,
        0.78125,
        0.28125,
        0.234375,
        0.71875,
        0.78125,
        0.71875
      ],
      "minPos": {
        "x": -17.5,
        "y": -14,
        "z": 0
      },
      "maxPos": {
        "x": 17.5,
        "y": 14,
        "z": 0
      }
    },
    "texture": "9756aef4-4011-4e57-8ca4-46d6ebd85fa2@6c48a",
    "packable": true,
    "pixelsToUnit": 100,
    "pivot": {
      "x": 0.5,
      "y": 0.5
    },
    "meshType": 0
  }
}