{
  "__type__": "cc.SpriteFrame",
  "content": {
    "name": "walk1",
    "atlas": "",
    "rect": {
      "x": 9,
      "y": 28,
      "width": 78,
      "height": 68
    },
    "offset": {
      "x": 0,
      "y": -14
    },
    "originalSize": {
      "width": 96,
      "height": 96
    },
    "rotated": false,
    "capInsets": [
      0,
      0,
      0,
      0
    ],
    "vertices": {
      "rawPosition": [
        -39,
        -34,
        0,
        39,
        -34,
        0,
        -39,
        34,
        0,
        39,
        34,
        0
      ],
      "indexes": [
        0,
        1,
        2,
        2,
        1,
        3
      ],
      "uv": [
        9,
        68,
        87,
        68,
        9,
        0,
        87,
        0
      ],
      "nuv": [
        0.09375,
        0,
        0.90625,
        0,
        0.09375,
        0.7083333333333334,
        0.90625,
        0.7083333333333334
      ],
      "minPos": {
        "x": -39,
        "y": -34,
        "z": 0
      },
      "maxPos": {
        "x": 39,
        "y": 34,
        "z": 0
      }
    },
    "texture": "08f189ff-8d02-4337-afeb-22dc87a54a14@6c48a",
    "packable": true,
    "pixelsToUnit": 100,
    "pivot": {
      "x": 0.5,
      "y": 0.5
    },
    "meshType": 0
  }
}