{
  "gizmos-infos": {
    "is2D": true,
    "is3DIcon": false,
    "iconSize": 2,
    "gridVisible": true,
    "gridColor": [
      166,
      166,
      166,
      255
    ],
    "transformToolName": "position",
    "pivot": "pivot",
    "coordinate": "local",
    "toolsVisibility3d": true
  },
  "__version__": "1.0.0",
  "builder": {},
  "": {
    "sculpt_brush_rotate": 0
  },
  "snap-configs": {
    "position": {
      "x": 1,
      "y": 1,
      "z": 1
    },
    "rotation": 1,
    "scale": 1,
    "isPositionSnapEnabled": false,
    "isRotationSnapEnabled": false,
    "isScaleSnapEnabled": false
  },
  "rect-snap-configs": {
    "enableSnapping": true,
    "snapThreshold": 4
  },
  "float-window": {
    "position": {
      "cc": {
        "Camera": {
          "dock": false,
          "top": null,
          "bottom": 10,
          "left": null,
          "right": 10
        }
      }
    }
  },
  "camera-infos": {
    "858df669-ac22-4d3d-be9c-27c67de37a0b": {
      "position": {
        "x": 959.9999999999999,
        "y": 540,
        "z": 5000
      },
      "rotation": {
        "x": 0,
        "y": 0,
        "z": 0,
        "w": 1
      },
      "viewCenter": {
        "x": 0,
        "y": 0,
        "z": 0
      },
      "contentRect": {
        "x": 959.9999999999999,
        "y": 540,
        "width": 801,
        "height": 450.5625
      },
      "scale": 0.4171875
    },
    "b012b7b9-6ec6-4783-87bd-ec66983a1eef": {
      "position": {
        "x": 668.5265017667845,
        "y": 504.7632508833922,
        "z": 5000
      },
      "rotation": {
        "x": 0,
        "y": 0,
        "z": 0,
        "w": 1
      },
      "viewCenter": {
        "x": 0,
        "y": 0,
        "z": 0
      },
      "contentRect": {
        "x": 668.5265017667845,
        "y": 504.7632508833922,
        "width": 796.9201388888889,
        "height": 566
      },
      "scale": 0.982638888888889
    },
    "69b79cfd-17c5-493a-8db3-b2a5f41c614e": {
      "position": {
        "x": 1214.4240282685512,
        "y": 922.73851590106,
        "z": 5000
      },
      "rotation": {
        "x": 0,
        "y": 0,
        "z": 0,
        "w": 1
      },
      "viewCenter": {
        "x": 0,
        "y": 0,
        "z": 0
      },
      "contentRect": {
        "x": 1214.4240282685512,
        "y": 922.73851590106,
        "width": 796.9201388888889,
        "height": 566
      },
      "scale": 0.982638888888889
    },
    "dcc20047-e2b0-4458-82d7-3646ebac8bff": {
      "position": {
        "x": 0,
        "y": 0,
        "z": 5000
      },
      "rotation": {
        "x": 0,
        "y": 0,
        "z": 0,
        "w": 1
      },
      "viewCenter": {
        "x": 0,
        "y": 0,
        "z": 0
      },
      "contentRect": {
        "x": 0,
        "y": 0,
        "width": 0,
        "height": 0
      },
      "scale": 1
    },
    "018e56ef-e703-4df8-8fb1-93a64e47b900": {
      "position": {
        "x": 0,
        "y": 0,
        "z": 5000
      },
      "rotation": {
        "x": 0,
        "y": 0,
        "z": 0,
        "w": 1
      },
      "viewCenter": {
        "x": 0,
        "y": 0,
        "z": 0
      },
      "contentRect": {
        "x": 0,
        "y": 0,
        "width": 0,
        "height": 0
      },
      "scale": 1
    },
    "38c48900-29da-405c-af85-d3aa43e3304f": {
      "position": {
        "x": -292.58302857468743,
        "y": 138.721552249316,
        "z": 5000
      },
      "rotation": {
        "x": 0,
        "y": 0,
        "z": 0,
        "w": 1
      },
      "viewCenter": {
        "x": 0,
        "y": 0,
        "z": 0
      },
      "contentRect": {
        "x": -292.58302857468755,
        "y": 138.721552249316,
        "width": 0,
        "height": 0
      },
      "scale": 0.6754870422678189
    },
    "77157f10-4ad2-45fb-bd5d-0a7049c8e846": {
      "position": {
        "x": -398.46006944444446,
        "y": -283,
        "z": 5000
      },
      "rotation": {
        "x": 0,
        "y": 0,
        "z": 0,
        "w": 1
      },
      "viewCenter": {
        "x": 0,
        "y": 0,
        "z": 0
      },
      "contentRect": {
        "x": -398.46006944444446,
        "y": -283,
        "width": 0,
        "height": 0
      },
      "scale": 1
    },
    "0eb3f997-82ef-440c-a873-03900e43e0bc": {
      "position": {
        "x": 971.73,
        "y": 547.96,
        "z": 5000
      },
      "rotation": {
        "x": 0,
        "y": 0,
        "z": 0,
        "w": 1
      },
      "viewCenter": {
        "x": 0,
        "y": 0,
        "z": 0
      },
      "contentRect": {
        "x": 571.23,
        "y": 322.67875000000004,
        "width": 391.0000000000001,
        "height": 398
      },
      "scale": 1
    },
    "d05939af-4f65-4755-97db-078e3faa9c56": {
      "position": {
        "x": 1167.23,
        "y": 746.96,
        "z": 5000
      },
      "rotation": {
        "x": 0,
        "y": 0,
        "z": 0,
        "w": 1
      },
      "viewCenter": {
        "x": 0,
        "y": 0,
        "z": 0
      },
      "contentRect": {
        "x": 971.73,
        "y": 547.96,
        "width": 391.0000000000001,
        "height": 398
      },
      "scale": 1
    },
    "c77ecaa8-c936-46c4-a5b0-98692673ed87": {
      "position": {
        "x": 90.05637397697322,
        "y": 37.487141073657945,
        "z": 5000
      },
      "rotation": {
        "x": 0,
        "y": 0,
        "z": 0,
        "w": 1
      },
      "viewCenter": {
        "x": 0,
        "y": 0,
        "z": 0
      },
      "contentRect": {
        "x": 964.8897211818559,
        "y": 401.64794007490644,
        "width": 801,
        "height": 450.56250000000006
      },
      "scale": 0.41718750000000004
    },
    "1198591e-c553-42d4-8609-8a71d8090fd1": {
      "position": {
        "x": 0,
        "y": 0,
        "z": 5000
      },
      "rotation": {
        "x": 0,
        "y": 0,
        "z": 0,
        "w": 1
      },
      "viewCenter": {
        "x": 0,
        "y": 0,
        "z": 0
      },
      "contentRect": {
        "x": 0,
        "y": 0,
        "width": 0,
        "height": 0
      },
      "scale": 1
    },
    "945b5094-fbf8-4661-b229-3be867941dba": {
      "position": {
        "x": 942.0135046206899,
        "y": 642.6374491341967,
        "z": 5000
      },
      "rotation": {
        "x": 0,
        "y": 0,
        "z": 0,
        "w": 1
      },
      "viewCenter": {
        "x": 0,
        "y": 0,
        "z": 0
      },
      "contentRect": {
        "x": 942.01350462069,
        "y": 642.6374491341967,
        "width": 0,
        "height": 0
      },
      "scale": 0.40360053725238504
    }
  },
  "camera-uuids": [
    "858df669-ac22-4d3d-be9c-27c67de37a0b",
    "b012b7b9-6ec6-4783-87bd-ec66983a1eef",
    "69b79cfd-17c5-493a-8db3-b2a5f41c614e",
    "dcc20047-e2b0-4458-82d7-3646ebac8bff",
    "018e56ef-e703-4df8-8fb1-93a64e47b900",
    "38c48900-29da-405c-af85-d3aa43e3304f",
    "77157f10-4ad2-45fb-bd5d-0a7049c8e846",
    "0eb3f997-82ef-440c-a873-03900e43e0bc",
    "d05939af-4f65-4755-97db-078e3faa9c56",
    "c77ecaa8-c936-46c4-a5b0-98692673ed87",
    "1198591e-c553-42d4-8609-8a71d8090fd1",
    "945b5094-fbf8-4661-b229-3be867941dba"
  ],
  "camera": {
    "color": [
      48,
      48,
      48,
      255
    ],
    "fov": 45,
    "far": 10000,
    "near": 0.01,
    "wheelSpeed": 0.01,
    "wanderSpeed": 10,
    "enableAcceleration": true,
    "size": "__default_design__",
    "far2D": 10000,
    "near2D": 1,
    "wheelSpeed2D": 6,
    "iso": 0,
    "aperture": 19,
    "shutter": 7
  }
}
